<keymap version="1" name="Visual Studio copy" parent="Visual Studio">
  <action id="EditorLineEnd">
    <keyboard-shortcut first-keystroke="ctrl alt right" />
  </action>
  <action id="EditorLineEndWithSelection">
    <keyboard-shortcut first-keystroke="shift ctrl alt right" />
  </action>
  <action id="EditorLineStart">
    <keyboard-shortcut first-keystroke="home" />
    <keyboard-shortcut first-keystroke="ctrl alt left" />
  </action>
  <action id="EditorLineStartWithSelection">
    <keyboard-shortcut first-keystroke="shift home" />
    <keyboard-shortcut first-keystroke="shift ctrl alt left" />
  </action>
  <action id="EditorSelectWord">
    <keyboard-shortcut first-keystroke="ctrl w" />
  </action>
  <action id="EditorUnSelectWord">
    <keyboard-shortcut first-keystroke="shift ctrl w" />
  </action>
  <action id="GuiDesigner.ShrinkSelection">
    <keyboard-shortcut first-keystroke="shift ctrl w" />
  </action>
  <action id="MoveElementLeft" />
  <action id="MoveElementRight" />
  <action id="Scala.ShowImplicits">
    <keyboard-shortcut first-keystroke="shift ctrl alt equals" />
    <keyboard-shortcut first-keystroke="shift ctrl alt add" />
  </action>
  <action id="SmartSelect">
    <keyboard-shortcut first-keystroke="ctrl w" />
  </action>
  <action id="SmartUnSelect">
    <keyboard-shortcut first-keystroke="shift ctrl w" />
  </action>
  <action id="Terminal.MoveToolWindowTabLeft" />
  <action id="Terminal.MoveToolWindowTabRight" />
</keymap>